row,size,numberQueries,dataDistribution,compressedTimes,uncompressedTimes,y
0,10000,10000,0,4.2148,4.23889,True
1,10000,10000,1,2.83487,2.88013,True
2,10000,10000,2,4.2321,4.22014,False
3,40000,10000,0,15.9216,15.6549,False
4,40000,10000,1,3.27905,3.22872,False
5,40000,10000,2,15.7539,15.7213,False
6,40000,10000,0,15.6263,15.6614,True
7,40000,10000,1,3.18763,3.25164,True
8,40000,10000,2,15.7805,15.815,True
9,40000,10000,0,16.1798,16.0564,False
10,40000,10000,1,3.33503,3.26734,False
11,40000,10000,2,15.8779,16.1586,True
12,70000,10000,0,22.2825,21.8603,False
13,70000,10000,1,3.42806,3.50497,True
14,70000,10000,2,21.8135,21.6866,False
15,70000,10000,0,21.7492,21.9302,True
16,70000,10000,1,3.46113,3.44488,False
17,70000,10000,2,21.4829,21.6652,True
18,70000,10000,0,21.7735,21.7791,True
19,70000,10000,1,3.45762,3.52615,True
20,70000,10000,2,21.8194,21.5764,False
21,70000,10000,0,21.7873,21.661,False
22,70000,10000,1,3.44076,3.51404,True
23,70000,10000,2,21.9022,21.9928,True
24,70000,10000,0,22.0422,21.7268,False
25,70000,10000,1,3.45203,3.46864,True
26,70000,10000,2,21.5842,21.832,True
27,70000,10000,0,21.5539,21.8771,True
28,70000,10000,1,3.47583,3.5025,True
29,70000,10000,2,21.7845,21.7928,True
30,70000,10000,0,21.5638,21.7598,True
31,70000,10000,1,3.39974,3.48507,True
32,70000,10000,2,21.7058,21.843,True
33,70000,10000,0,21.6012,21.6696,True
34,70000,10000,1,3.39885,3.52003,True
35,70000,10000,2,21.5606,21.6865,True
36,70000,10000,0,21.784,21.7119,False
37,70000,10000,1,3.51161,3.51333,True
38,70000,10000,2,21.8744,21.7429,False
39,100000,10000,0,16.9645,17.2402,True
40,100000,10000,1,3.44396,3.48816,True
41,100000,10000,2,17.0607,17.13,True
42,100000,10000,0,16.8586,17.207,True
43,100000,10000,1,3.50458,3.4175,False
44,100000,10000,2,17.0863,16.9419,False
45,100000,10000,0,16.9384,17.3689,True
46,100000,10000,1,3.45142,3.41713,False
47,100000,10000,2,17.0592,16.8821,False
48,100000,10000,0,17.0303,16.9345,False
49,100000,10000,1,3.497,3.48252,False
50,100000,10000,2,17.0443,17.4318,True
51,100000,10000,0,17.2038,17.2269,True
52,100000,10000,1,3.42939,3.49493,True
53,100000,10000,2,16.8868,16.9023,True
54,100000,10000,0,16.8286,17.1923,True
55,100000,10000,1,3.51384,3.55258,True
56,100000,10000,2,17.0521,16.9621,False
57,100000,10000,0,16.94,16.8834,False
58,100000,10000,1,3.44749,3.51861,True
59,100000,10000,2,16.8706,16.8471,False
60,100000,10000,0,17.0593,16.9981,False
61,100000,10000,1,3.44888,3.67482,True
62,100000,10000,2,16.8099,16.8705,True
63,100000,10000,0,16.831,16.8487,True
64,100000,10000,1,3.44292,3.43194,False
65,100000,10000,2,16.8104,17.0361,True
66,100000,10000,0,16.8284,16.8776,True
67,100000,10000,1,3.44861,3.53282,True
68,100000,10000,2,17.0095,16.8845,False
69,100000,10000,0,17.0019,17.0976,True
70,100000,10000,1,3.45288,3.43259,False
71,100000,10000,2,17.0118,16.9429,False
72,100000,10000,0,17.1903,17.0558,False
73,100000,10000,1,3.58128,3.57423,False
74,100000,10000,2,16.9327,17.3024,True
75,100000,10000,0,16.9751,17.1227,True
76,100000,10000,1,3.44967,3.47017,True
77,100000,10000,2,16.906,16.9394,True
78,100000,10000,0,17.0119,16.8668,False
79,100000,10000,1,3.44262,3.42285,False
80,100000,10000,2,16.8402,16.9392,True
81,100000,10000,0,16.9872,17.0168,True
82,100000,10000,1,3.43652,3.44684,True
83,100000,10000,2,17.2098,17.0715,False
84,100000,10000,0,17.0496,17.1799,True
85,100000,10000,1,3.37925,3.49682,True
86,100000,10000,2,16.8663,17.0411,True
87,100000,10000,0,16.8408,16.8369,False
88,100000,10000,1,3.42636,3.46519,True
89,100000,10000,2,16.8105,17.0126,True
90,100000,10000,0,16.951,17.0258,True
91,100000,10000,1,3.48282,3.47352,False
92,100000,10000,2,17.0137,17.0224,True
93,100000,10000,0,16.7896,17.0112,True
94,100000,10000,1,3.45127,3.42632,False
95,100000,10000,2,16.9333,17.0055,True
96,100000,10000,0,17.04,16.933,False
97,100000,10000,1,3.42601,3.51746,True
98,100000,10000,2,16.8864,16.7286,False
99,100000,10000,0,17.0736,17.0813,True
100,100000,10000,1,3.45335,3.4732,True
101,100000,10000,2,17.0489,17.0617,True
102,100000,10000,0,17.0721,16.8397,False
103,100000,10000,1,3.51168,3.43927,False
104,100000,10000,2,16.8544,17.0585,True
105,100000,10000,0,17.0674,17.0201,False
106,100000,10000,1,3.49022,3.478,False
107,100000,10000,2,17.1544,16.7811,False
108,100000,10000,0,16.8466,16.9899,True
109,100000,10000,1,3.48227,3.37587,False
110,100000,10000,2,16.913,16.8928,False
111,100000,10000,0,17.1562,16.813,False
112,100000,10000,1,3.43619,3.4829,True
113,100000,10000,2,17.0347,16.9064,False
114,100000,10000,0,17.1015,17.0869,False
115,100000,10000,1,3.52626,3.45264,False
116,100000,10000,2,17.3397,17.0884,False
117,100000,10000,0,16.9475,17.0218,True
118,100000,10000,1,3.45739,3.43426,False
119,100000,10000,2,16.9691,16.959,False
120,130000,10000,0,9.9735,9.96989,False
121,130000,10000,1,3.44226,3.47996,True
122,130000,10000,2,9.98284,10.1404,True
123,130000,10000,0,9.95171,9.96109,True
124,130000,10000,1,3.451,3.45992,True
125,130000,10000,2,10.0382,9.88319,False
126,130000,10000,0,10.0551,9.97209,False
127,130000,10000,1,3.51268,3.48791,False
128,130000,10000,2,10.032,9.98417,False
129,130000,10000,0,10.0425,9.96636,False
130,130000,10000,1,3.42923,3.47518,True
131,130000,10000,2,10.1309,10.0559,False
132,130000,10000,0,10.0512,9.98266,False
133,130000,10000,1,3.45617,3.49924,True
134,130000,10000,2,10.0546,10.1162,True
135,130000,10000,0,10.226,10.1481,False
136,130000,10000,1,3.52541,3.50046,False
137,130000,10000,2,10.0972,10.1923,True
138,130000,10000,0,10.1933,10.2743,True
139,130000,10000,1,3.56831,3.54836,False
140,130000,10000,2,10.0417,10.1654,True
141,130000,10000,0,10.2299,10.2351,True
142,130000,10000,1,3.61907,3.48701,False
143,130000,10000,2,10.2398,10.3342,True
144,130000,10000,0,10.1901,10.2559,True
145,130000,10000,1,3.45286,3.50129,True
146,130000,10000,2,10.1851,10.2157,True
147,130000,10000,0,10.135,10.1978,True
148,130000,10000,1,3.57481,3.53891,False
149,130000,10000,2,10.098,10.2388,True
150,130000,10000,0,10.4473,10.3628,False
151,130000,10000,1,3.5816,3.61201,True
152,130000,10000,2,10.2529,10.1252,False
153,130000,10000,0,10.1461,10.0513,False
154,130000,10000,1,3.50801,3.48449,False
155,130000,10000,2,10.0924,10.0011,False
156,130000,10000,0,10.2182,10.1323,False
157,130000,10000,1,3.61882,3.5778,False
158,130000,10000,2,10.0496,10.1419,True
159,130000,10000,0,9.97832,10.2019,True
160,130000,10000,1,3.48616,3.55823,True
161,130000,10000,2,9.93265,9.99015,True
162,130000,10000,0,9.9361,9.88818,False
163,130000,10000,1,3.52908,3.50366,False
164,130000,10000,2,9.92969,9.97987,True
165,130000,10000,0,10.0335,10.0026,False
166,130000,10000,1,3.44723,3.44073,False
167,130000,10000,2,9.92606,9.9098,False
168,130000,10000,0,9.91904,10.2068,True
169,130000,10000,1,3.56029,3.47254,False
170,130000,10000,2,9.94228,9.85448,False
171,130000,10000,0,9.8842,10.0334,True
172,130000,10000,1,3.47483,3.45441,False
173,130000,10000,2,9.91192,9.93184,True
174,130000,10000,0,9.95713,9.97767,True
175,130000,10000,1,3.44583,3.46658,True
176,130000,10000,2,9.98082,10.1554,True
177,130000,10000,0,10.0476,9.90275,False
178,130000,10000,1,3.44455,3.47683,True
179,130000,10000,2,10.0417,10.1175,True
180,130000,10000,0,9.98915,9.92892,False
181,130000,10000,1,3.46739,3.49786,True
182,130000,10000,2,9.96132,9.95344,False
183,130000,10000,0,9.8834,9.92268,True
184,130000,10000,1,3.47042,3.49662,True
185,130000,10000,2,9.91221,10.0134,True
186,130000,10000,0,9.95781,9.81799,False
187,130000,10000,1,3.40311,3.46261,True
188,130000,10000,2,10.1295,10.0362,False
189,130000,10000,0,10.0706,10.1208,True
190,130000,10000,1,3.50978,3.49325,False
191,130000,10000,2,9.88294,10.124,True
192,130000,10000,0,10.2825,9.93111,False
193,130000,10000,1,3.43309,3.46863,True
194,130000,10000,2,9.92123,10.0136,True
195,130000,10000,0,10.076,9.94626,False
196,130000,10000,1,3.47313,3.43856,False
197,130000,10000,2,9.85699,9.93039,True
198,130000,10000,0,9.84487,9.91164,True
199,130000,10000,1,3.49691,3.41378,False
200,130000,10000,2,9.76905,9.96939,True
201,130000,10000,0,10.2633,9.93541,False
202,130000,10000,1,3.49561,3.5063,True
203,130000,10000,2,9.93492,9.98234,True
204,130000,10000,0,9.95567,9.97713,True
205,130000,10000,1,3.46196,3.62265,True
206,130000,10000,2,10.1798,10.0066,False
207,130000,10000,0,10.2352,10.1913,False
208,130000,10000,1,3.47332,3.47796,True
209,130000,10000,2,9.81534,9.97587,True
210,130000,10000,0,9.98101,9.98999,True
211,130000,10000,1,3.52418,3.48358,False
212,130000,10000,2,9.99211,9.98407,False
213,130000,10000,0,9.94153,9.97636,True
214,130000,10000,1,3.44073,3.48877,True
215,130000,10000,2,9.96477,9.91535,False
216,130000,10000,0,9.98218,10.0945,True
217,130000,10000,1,3.50013,3.51068,True
218,130000,10000,2,10.0273,10.0357,True
219,130000,10000,0,9.93285,10.1406,True
220,130000,10000,1,3.52977,3.45159,False
221,130000,10000,2,10.0237,10.0372,True
222,130000,10000,0,10.0255,10.1042,True
223,130000,10000,1,3.46093,3.49294,True
224,130000,10000,2,10.1025,10.0845,False
225,130000,10000,0,9.98054,9.97382,False
226,130000,10000,1,3.42833,3.47402,True
227,130000,10000,2,9.93736,9.92306,False
228,130000,10000,0,9.95841,10.0366,True
229,130000,10000,1,3.59171,3.46794,False
230,130000,10000,2,9.96743,9.91061,False
231,130000,10000,0,10.0238,9.98315,False
232,130000,10000,1,3.43641,3.49761,True
233,130000,10000,2,10.003,10.0254,True
234,130000,10000,0,10.0076,10.0393,True
235,130000,10000,1,3.51749,3.52027,True
236,130000,10000,2,10.0349,9.96564,False
237,130000,10000,0,10.148,9.91907,False
238,130000,10000,1,3.42489,3.47046,True
239,130000,10000,2,10.0664,10.0166,False
240,130000,10000,0,9.82764,9.84609,True
241,130000,10000,1,3.51961,3.41877,False
242,130000,10000,2,10.0223,9.91358,False
243,130000,10000,0,10.0684,9.88916,False
244,130000,10000,1,3.48065,3.43416,False
245,130000,10000,2,10.0236,10.0263,True
246,130000,10000,0,9.99405,10.0871,True
247,130000,10000,1,3.4168,3.42713,True
248,130000,10000,2,10.0363,10.1578,True
249,130000,10000,0,10.0126,9.90418,False
250,130000,10000,1,3.45049,3.4798,True
251,130000,10000,2,9.96285,9.89818,False
252,130000,10000,0,9.93835,10.0327,True
253,130000,10000,1,3.49715,3.43397,False
254,130000,10000,2,9.87295,10.0998,True
255,130000,10000,0,10.2001,9.99814,False
256,130000,10000,1,3.51605,3.50311,False
257,130000,10000,2,9.95822,9.9449,False
258,130000,10000,0,10.079,10.0054,False
259,130000,10000,1,3.48804,3.4571,False
260,130000,10000,2,10.0242,9.97832,False
261,130000,10000,0,10.0541,9.92734,False
262,130000,10000,1,3.45557,3.44456,False
263,130000,10000,2,10.0382,9.87552,False
264,130000,10000,0,10.1184,10.0748,False
265,130000,10000,1,3.49035,3.56154,True
266,130000,10000,2,9.97155,9.91242,False
267,130000,10000,0,10.0353,9.87743,False
268,130000,10000,1,3.47925,3.46988,False
269,130000,10000,2,9.97134,9.97474,True
270,130000,10000,0,10.1028,10.2461,True
271,130000,10000,1,3.4479,3.47213,True
272,130000,10000,2,10.2212,10.2248,True
273,130000,10000,0,10.5452,10.2418,False
274,130000,10000,1,3.56904,3.54794,False
275,130000,10000,2,10.3484,10.1507,False
276,130000,10000,0,9.88843,9.94099,True
277,130000,10000,1,3.47037,3.46829,False
278,130000,10000,2,9.91992,9.92074,True
279,130000,10000,0,9.87255,10.1731,True
280,130000,10000,1,3.48762,3.39662,False
281,130000,10000,2,9.89823,9.88355,False
282,130000,10000,0,9.74986,10.0035,True
283,130000,10000,1,3.47156,3.4443,False
284,130000,10000,2,9.82297,10.0021,True
285,130000,10000,0,9.86271,9.87658,True
286,130000,10000,1,3.47015,3.43175,False
287,130000,10000,2,9.95255,9.73934,False
288,130000,10000,0,9.9048,9.95167,True
289,130000,10000,1,3.4531,3.46653,True
290,130000,10000,2,10.0616,10.0196,False
291,130000,10000,0,9.84643,9.91137,True
292,130000,10000,1,3.44997,3.44985,False
293,130000,10000,2,9.94609,9.84346,False
294,130000,10000,0,9.87363,9.81902,False
295,130000,10000,1,3.39223,3.47483,True
296,130000,10000,2,9.85253,9.84046,False
297,130000,10000,0,9.89182,9.83513,False
298,130000,10000,1,3.43383,3.45116,True
299,130000,10000,2,9.83491,9.81075,False
300,130000,10000,0,10.1947,10.1766,False
301,130000,10000,1,3.41799,3.46181,True
302,130000,10000,2,10.0423,10.0344,False
303,130000,10000,0,9.92193,9.9546,True
304,130000,10000,1,3.50014,3.37569,False
305,130000,10000,2,10.0028,9.99239,False
306,130000,10000,0,9.86725,9.79333,False
307,130000,10000,1,3.44233,3.45814,True
308,130000,10000,2,9.97634,10.0861,True
309,130000,10000,0,10.0671,10.078,True
310,130000,10000,1,3.50465,3.4684,False
311,130000,10000,2,9.9231,10.1733,True
312,130000,10000,0,9.81734,9.98968,True
313,130000,10000,1,3.43301,3.39839,False
314,130000,10000,2,9.80276,10.0562,True
315,130000,10000,0,9.95312,9.93773,False
316,130000,10000,1,3.47996,3.40931,False
317,130000,10000,2,9.82407,9.90714,True
318,130000,10000,0,9.98895,9.84728,False
319,130000,10000,1,3.41451,3.36373,False
320,130000,10000,2,9.85279,9.94885,True
321,130000,10000,0,9.77879,9.89561,True
322,130000,10000,1,3.43361,3.41659,False
323,130000,10000,2,9.88293,9.903,True
324,130000,10000,0,9.86773,9.8845,True
325,130000,10000,1,3.44216,3.45103,True
326,130000,10000,2,10.0608,9.85684,False
327,130000,10000,0,9.77636,9.83139,True
328,130000,10000,1,3.43701,3.42632,False
329,130000,10000,2,9.84218,9.81325,False
330,130000,10000,0,10.0233,10.0078,False
331,130000,10000,1,3.4188,3.45863,True
332,130000,10000,2,9.89643,10.0016,True
333,130000,10000,0,9.89032,9.93979,True
334,130000,10000,1,3.45677,3.48225,True
335,130000,10000,2,9.92688,9.84611,False
336,130000,10000,0,9.92366,9.81789,False
337,130000,10000,1,3.38878,3.34704,False
338,130000,10000,2,9.86516,9.77125,False
339,130000,10000,0,9.77876,9.99658,True
340,130000,10000,1,3.713,3.71141,False
341,130000,10000,2,10.5568,10.6418,True
342,130000,10000,0,10.6202,10.5449,False
343,130000,10000,1,3.7205,3.67641,False
344,130000,10000,2,10.4622,10.3271,False
345,130000,10000,0,10.4405,10.3136,False
346,130000,10000,1,3.64264,3.6259,False
347,130000,10000,2,10.2403,10.2618,True
348,130000,10000,0,10.2785,10.377,True
349,130000,10000,1,3.5501,3.70515,True
350,130000,10000,2,10.5546,10.4222,False
351,130000,10000,0,10.5482,10.4268,False
352,130000,10000,1,3.64945,3.71584,True
353,130000,10000,2,10.6188,10.4845,False
354,130000,10000,0,10.4319,10.6917,True
355,130000,10000,1,3.6478,3.6654,True
356,130000,10000,2,10.4777,10.2715,False
357,130000,10000,0,10.2819,10.2831,True
358,130000,10000,1,3.5861,3.60813,True
359,130000,10000,2,10.3542,10.134,False
360,130000,10000,0,10.1682,10.2066,True
361,130000,10000,1,3.57441,3.59797,True
362,130000,10000,2,10.2041,10.255,True
363,160000,10000,0,33.8828,33.9504,True
364,160000,10000,1,3.676,3.61548,False
365,160000,10000,2,33.9085,33.8567,False
366,160000,10000,0,33.8735,33.9052,True
367,160000,10000,1,3.66881,3.59808,False
368,160000,10000,2,33.6577,33.8899,True
369,160000,10000,0,33.9856,33.7058,False
370,160000,10000,1,3.67374,3.73569,True
371,160000,10000,2,33.8341,33.7586,False
372,160000,10000,0,33.8226,33.9229,True
373,160000,10000,1,3.60091,3.59819,False
374,160000,10000,2,33.6358,33.4947,False
375,160000,10000,0,34.1647,34.0681,False
376,160000,10000,1,3.66749,3.65389,False
377,160000,10000,2,33.8155,33.6258,False
378,160000,10000,0,33.0951,33.5558,True
379,160000,10000,1,3.52263,3.61714,True
380,160000,10000,2,33.9901,33.7474,False
381,160000,10000,0,34.3204,34.2746,False
382,160000,10000,1,3.61798,3.62424,True
383,160000,10000,2,33.7807,34.0101,True
384,160000,10000,0,33.8398,34.1683,True
385,160000,10000,1,3.68821,3.68383,False
386,160000,10000,2,34.1429,34.1761,True
387,160000,10000,0,33.9858,34.0607,True
388,160000,10000,1,3.56165,3.60639,True
389,160000,10000,2,33.6617,33.7313,True
390,160000,10000,0,33.6581,33.4517,False
391,160000,10000,1,3.58655,3.66274,True
392,160000,10000,2,33.334,34.0609,True
393,160000,10000,0,33.3456,33.9196,True
394,160000,10000,1,3.57134,3.53641,False
395,160000,10000,2,33.5127,33.3155,False
396,160000,10000,0,33.3955,33.9998,True
397,160000,10000,1,3.61104,3.61681,True
398,160000,10000,2,33.92,33.8852,False
399,160000,10000,0,33.9413,33.8805,False
400,160000,10000,1,3.56547,3.54724,False
401,160000,10000,2,33.877,33.6184,False
402,160000,10000,0,33.7417,33.719,False
403,160000,10000,1,3.60424,3.59932,False
404,160000,10000,2,33.4231,33.572,True
405,160000,10000,0,33.564,33.346,False
406,160000,10000,1,3.65624,3.58542,False
407,160000,10000,2,33.5865,32.9953,False
408,160000,10000,0,33.5396,33.9363,True
409,160000,10000,1,3.5655,3.5889,True
410,160000,10000,2,33.8589,34.0841,True
411,160000,10000,0,33.8996,33.6626,False
412,160000,10000,1,3.69336,3.57825,False
413,160000,10000,2,33.7775,33.7773,False
414,160000,10000,0,33.859,33.726,False
415,160000,10000,1,3.54134,3.59992,True
416,160000,10000,2,34.0891,33.6063,False
417,160000,10000,0,33.44,33.2149,False
418,160000,10000,1,3.60385,3.57772,False
419,160000,10000,2,33.896,33.7426,False
420,160000,10000,0,33.7139,33.7784,True
421,160000,10000,1,3.59439,3.63192,True
422,160000,10000,2,33.8069,33.6943,False
423,160000,10000,0,33.9198,33.6976,False
424,160000,10000,1,3.63855,3.57284,False
425,160000,10000,2,33.7536,33.7074,False
426,160000,10000,0,33.7349,32.9927,False
427,160000,10000,1,3.55391,3.59662,True
428,160000,10000,2,33.6561,33.4759,False
429,160000,10000,0,33.3218,33.663,True
430,160000,10000,1,3.60589,3.60497,False
431,160000,10000,2,33.6335,33.6884,True
432,160000,10000,0,33.9576,33.5649,False
433,160000,10000,1,3.65518,3.62443,False
434,160000,10000,2,34.0295,33.7439,False
435,160000,10000,0,33.7261,34.2293,True
436,160000,10000,1,3.49908,3.61776,True
437,160000,10000,2,33.4195,33.705,True
438,160000,10000,0,33.884,33.9654,True
439,160000,10000,1,3.58118,3.56857,False
440,160000,10000,2,33.7864,33.5622,False
441,160000,10000,0,33.4909,33.4561,False
442,160000,10000,1,3.55019,3.52224,False
443,160000,10000,2,33.0398,33.1367,True
444,160000,10000,0,33.6285,33.2887,False
445,160000,10000,1,3.5348,3.54233,True
446,160000,10000,2,32.8472,33.4586,True
447,160000,10000,0,33.6292,33.0509,False
448,160000,10000,1,3.49113,3.55826,True
449,160000,10000,2,32.9463,33.152,True
450,160000,10000,0,33.9339,34.3705,True
451,160000,10000,1,3.64208,3.65046,True
452,160000,10000,2,33.9789,34.6574,True
453,160000,10000,0,33.654,33.627,False
454,160000,10000,1,3.55494,3.63747,True
455,160000,10000,2,33.7057,33.9775,True
456,160000,10000,0,33.6941,33.9223,True
457,160000,10000,1,3.62202,3.57169,False
458,160000,10000,2,33.8809,33.9181,True
459,160000,10000,0,33.5096,33.8335,True
460,160000,10000,1,3.66681,3.7222,True
461,160000,10000,2,33.846,33.9112,True
462,160000,10000,0,33.8177,33.6119,False
463,160000,10000,1,3.70128,3.65605,False
464,160000,10000,2,33.8482,33.6805,False
465,160000,10000,0,33.7024,33.7965,True
466,160000,10000,1,3.61466,3.63468,True
467,160000,10000,2,33.4982,33.2783,False
468,160000,10000,0,33.5291,33.2917,False
469,160000,10000,1,3.60392,3.53948,False
470,160000,10000,2,33.5439,33.5176,False
471,160000,10000,0,33.6219,33.1134,False
472,160000,10000,1,3.53963,3.5176,False
473,160000,10000,2,33.1515,33.0026,False
474,160000,10000,0,33.2164,33.1273,False
475,160000,10000,1,3.55127,3.58931,True
476,160000,10000,2,32.9103,33.3148,True
477,160000,10000,0,33.1457,33.8171,True
478,160000,10000,1,3.48168,3.49635,True
479,160000,10000,2,33.2595,33.9017,True
480,160000,10000,0,33.9566,33.4851,False
481,160000,10000,1,3.5924,3.54447,False
482,160000,10000,2,33.5989,33.4485,False
483,160000,10000,0,33.3616,33.0431,False
484,160000,10000,1,3.54089,3.55379,True
485,160000,10000,2,33.2048,33.0936,False
486,160000,10000,0,33.1651,33.3343,True
487,160000,10000,1,3.5837,3.57924,False
488,160000,10000,2,33.5998,33.215,False
489,160000,10000,0,33.2133,33.2719,True
490,160000,10000,1,3.58074,3.50781,False
491,160000,10000,2,33.2867,33.8124,True
492,160000,10000,0,33.3535,33.3677,True
493,160000,10000,1,3.5394,3.5509,True
494,160000,10000,2,33.2144,33.2191,True
495,160000,10000,0,33.3385,32.997,False
496,160000,10000,1,3.5361,3.49068,False
497,160000,10000,2,33.2157,33.5291,True
498,160000,10000,0,33.5129,33.1405,False
499,160000,10000,1,3.54528,3.50584,False
500,160000,10000,2,33.238,33.7746,True
501,160000,10000,0,32.576,32.3658,False
502,160000,10000,1,3.47222,3.41641,False
503,160000,10000,2,32.1109,32.5721,True
504,160000,10000,0,32.4189,32.5049,True
505,160000,10000,1,3.44303,3.45851,True
506,160000,10000,2,32.6632,32.7567,True
507,160000,10000,0,32.2062,32.5036,True
508,160000,10000,1,3.48516,3.42707,False
509,160000,10000,2,32.4379,32.7914,True
510,160000,10000,0,32.1959,32.5365,True
511,160000,10000,1,3.48189,3.48459,True
512,160000,10000,2,32.5593,32.4171,False
513,160000,10000,0,32.9215,32.5679,False
514,160000,10000,1,3.4808,3.52921,True
515,160000,10000,2,33.9511,34.4331,True
516,160000,10000,0,34.2698,34.1421,False
517,160000,10000,1,3.64891,3.67887,True
518,160000,10000,2,34.5473,34.5068,False
519,160000,10000,0,34.3732,34.2362,False
520,160000,10000,1,3.73371,3.74643,True
521,160000,10000,2,34.5973,34.5885,False
522,160000,10000,0,34.1001,34.5378,True
523,160000,10000,1,3.73378,3.70962,False
524,160000,10000,2,33.9575,33.9284,False
525,160000,10000,0,34.2357,34.2976,True
526,160000,10000,1,3.69188,3.67715,False
527,160000,10000,2,34.3391,34.1117,False
528,160000,10000,0,34.4379,34.3525,False
529,160000,10000,1,3.67419,3.65002,False
530,160000,10000,2,34.311,34.497,True
531,160000,10000,0,34.273,34.0857,False
532,160000,10000,1,3.65213,3.69211,True
533,160000,10000,2,34.3071,34.6167,True
534,160000,10000,0,34.3103,34.3146,True
535,160000,10000,1,3.67853,3.64846,False
536,160000,10000,2,34.4152,34.1565,False
537,160000,10000,0,34.0423,34.256,True
538,160000,10000,1,3.77396,3.68066,False
539,160000,10000,2,34.3971,34.3221,False
540,160000,10000,0,34.6538,34.7226,True
541,160000,10000,1,3.65581,3.6511,False
542,160000,10000,2,34.2995,34.124,False
543,160000,10000,0,34.2565,34.2606,True
544,160000,10000,1,3.70196,3.70924,True
545,160000,10000,2,34.6524,34.1639,False
546,160000,10000,0,34.3575,34.2978,False
547,160000,10000,1,3.64903,3.66432,True
548,160000,10000,2,34.4111,34.4068,False
549,160000,10000,0,34.3749,34.4076,True
550,160000,10000,1,3.7173,3.64965,False
551,160000,10000,2,34.3585,34.3428,False
552,160000,10000,0,34.2368,34.4,True
553,160000,10000,1,3.66667,3.6648,False
554,160000,10000,2,34.2913,34.3454,True
555,160000,10000,0,34.5883,34.4294,False
556,160000,10000,1,3.67509,3.71043,True
557,160000,10000,2,34.3958,34.2352,False
558,160000,10000,0,34.4233,34.0777,False
559,160000,10000,1,3.63639,3.68529,True
560,160000,10000,2,34.1591,34.1369,False
561,160000,10000,0,34.3168,34.8115,True
562,160000,10000,1,3.72367,3.67092,False
563,160000,10000,2,34.2787,34.1241,False
564,160000,10000,0,34.3316,34.4717,True
565,160000,10000,1,3.6738,3.65965,False
566,160000,10000,2,34.4668,34.3465,False
567,160000,10000,0,34.7569,34.4919,False
568,160000,10000,1,3.69965,3.6784,False
569,160000,10000,2,34.364,34.091,False
570,160000,10000,0,34.491,34.3433,False
571,160000,10000,1,3.68369,3.67886,False
572,160000,10000,2,34.1034,34.307,True
573,160000,10000,0,34.2921,34.1631,False
574,160000,10000,1,3.62228,3.67823,True
575,160000,10000,2,34.1151,34.2005,True
576,160000,10000,0,34.4881,34.5873,True
577,160000,10000,1,3.69974,3.72196,True
578,160000,10000,2,34.8715,34.7076,False
579,160000,10000,0,34.4865,34.3993,False
580,160000,10000,1,3.70405,3.71645,True
581,160000,10000,2,34.5256,34.6176,True
582,160000,10000,0,34.0299,34.2822,True
583,160000,10000,1,3.73237,3.68749,False
584,160000,10000,2,34.5336,34.2232,False
585,160000,10000,0,34.5981,34.6118,True
586,160000,10000,1,3.68163,3.70753,True
587,160000,10000,2,34.5663,34.6494,True
588,160000,10000,0,34.3244,34.8753,True
589,160000,10000,1,3.67564,3.74532,True
590,160000,10000,2,34.6615,34.8635,True
591,160000,10000,0,34.6931,35.346,True
592,160000,10000,1,3.79468,3.79349,False
593,160000,10000,2,34.5924,35.0015,True
594,160000,10000,0,35.0782,35.3135,True
595,160000,10000,1,3.82984,3.81051,False
596,160000,10000,2,35.0854,35.0059,False
597,160000,10000,0,35.0247,35.0474,True
598,160000,10000,1,3.7602,3.74675,False
599,160000,10000,2,35.0729,34.959,False
600,160000,10000,0,35.1181,34.8475,False
601,160000,10000,1,3.76275,3.70904,False
602,160000,10000,2,34.9976,34.8515,False
603,160000,10000,0,34.7029,34.674,False
604,160000,10000,1,3.75568,3.73921,False
605,160000,10000,2,34.339,34.2537,False
606,160000,10000,0,34.6101,34.7158,True
607,160000,10000,1,3.69473,3.75497,True
608,160000,10000,2,34.8355,34.6992,False
609,160000,10000,0,34.8264,34.4001,False
610,160000,10000,1,3.68239,3.66692,False
611,160000,10000,2,34.452,34.7203,True
612,160000,10000,0,34.3249,34.1959,False
613,160000,10000,1,3.7196,3.71418,False
614,160000,10000,2,34.5854,34.2887,False
615,160000,10000,0,34.6622,34.4233,False
616,160000,10000,1,3.75456,3.70972,False
617,160000,10000,2,35.1831,34.7461,False
618,160000,10000,0,34.6605,34.3324,False
619,160000,10000,1,3.75765,3.71864,False
620,160000,10000,2,34.4793,34.3369,False
621,160000,10000,0,34.5002,34.3318,False
622,160000,10000,1,3.76504,3.69586,False
623,160000,10000,2,34.9743,34.6924,False
624,160000,10000,0,34.8652,34.9006,True
625,160000,10000,1,3.69885,3.7198,True
626,160000,10000,2,34.7777,34.7687,False
627,160000,10000,0,34.7118,34.2892,False
628,160000,10000,1,3.6962,3.7357,True
629,160000,10000,2,35.211,35.1467,False
630,160000,10000,0,34.7345,34.8429,True
631,160000,10000,1,3.70665,3.65671,False
632,160000,10000,2,34.8815,34.3958,False
633,160000,10000,0,34.796,34.5157,False
634,160000,10000,1,3.65702,3.68949,True
635,160000,10000,2,34.6169,34.6139,False
636,160000,10000,0,34.5105,34.2552,False
637,160000,10000,1,3.6871,3.69172,True
638,160000,10000,2,34.5156,34.5055,False
639,160000,10000,0,34.5807,34.5472,False
640,160000,10000,1,3.71813,3.74716,True
641,160000,10000,2,34.7161,34.4599,False
642,160000,10000,0,34.9257,34.7186,False
643,160000,10000,1,3.68023,3.68646,True
644,160000,10000,2,34.8159,34.4732,False
645,160000,10000,0,34.2372,34.0841,False
646,160000,10000,1,3.64556,3.70653,True
647,160000,10000,2,34.2366,34.8249,True
648,160000,10000,0,34.7157,34.6273,False
649,160000,10000,1,3.62324,3.75839,True
650,160000,10000,2,34.6908,34.6828,False
651,160000,10000,0,34.745,34.9161,True
652,160000,10000,1,3.77036,3.71707,False
653,160000,10000,2,34.5913,34.6887,True
654,160000,10000,0,34.6975,34.9848,True
655,160000,10000,1,3.73883,3.72904,False
656,160000,10000,2,34.6187,35.074,True
657,160000,10000,0,34.6109,34.625,True
658,160000,10000,1,3.69081,3.66986,False
659,160000,10000,2,34.5601,34.3255,False
660,160000,10000,0,34.2862,34.1984,False
661,160000,10000,1,3.67618,3.63016,False
662,160000,10000,2,34.7142,34.5502,False
663,160000,10000,0,34.4986,34.4119,False
664,160000,10000,1,3.70367,3.70204,False
665,160000,10000,2,34.5101,34.4183,False
666,160000,10000,0,34.777,34.6187,False
667,160000,10000,1,3.6682,3.65364,False
668,160000,10000,2,34.7793,34.5283,False
669,160000,10000,0,34.7259,34.5473,False
670,160000,10000,1,3.71217,3.69804,False
671,160000,10000,2,34.5498,34.5479,False
672,160000,10000,0,34.4639,34.5225,True
673,160000,10000,1,3.69872,3.66123,False
674,160000,10000,2,34.3013,34.2537,False
675,160000,10000,0,34.6128,34.6954,True
676,160000,10000,1,3.66711,3.69906,True
677,160000,10000,2,34.6982,34.6406,False
678,160000,10000,0,34.6718,34.3796,False
679,160000,10000,1,3.69629,3.71052,True
680,160000,10000,2,34.1843,34.3787,True
681,160000,10000,0,34.423,34.5912,True
682,160000,10000,1,3.71046,3.6735,False
683,160000,10000,2,34.4751,34.3383,False
684,160000,10000,0,34.7608,34.7414,False
685,160000,10000,1,3.66266,3.68749,True
686,160000,10000,2,34.5961,34.4287,False
687,160000,10000,0,34.2974,34.4297,True
688,160000,10000,1,3.72693,3.70353,False
689,160000,10000,2,34.4063,34.3085,False
690,160000,10000,0,34.3887,34.4094,True
691,160000,10000,1,3.65166,3.74092,True
692,160000,10000,2,34.1589,34.2789,True
693,160000,10000,0,34.7371,34.1764,False
694,160000,10000,1,3.65845,3.67967,True
695,160000,10000,2,34.4971,34.3569,False
696,160000,10000,0,34.6262,35.1009,True
697,160000,10000,1,3.73498,3.71989,False
698,160000,10000,2,34.8693,34.4942,False
699,160000,10000,0,34.5931,34.4091,False
700,160000,10000,1,3.59734,3.64415,True
701,160000,10000,2,34.1957,34.4137,True
702,160000,10000,0,34.6,34.0865,False
703,160000,10000,1,3.60005,3.64562,True
704,160000,10000,2,34.6159,34.6119,False
705,160000,10000,0,34.4445,34.4374,False
706,160000,10000,1,3.6646,3.68779,True
707,160000,10000,2,34.2822,34.1248,False
708,160000,10000,0,34.0067,34.4699,True
709,160000,10000,1,3.65786,3.63206,False
710,160000,10000,2,34.4682,34.4912,True
711,160000,10000,0,34.6658,34.5378,False
712,160000,10000,1,3.6554,3.68682,True
713,160000,10000,2,34.0747,34.6166,True
714,160000,10000,0,33.9305,34.2182,True
715,160000,10000,1,3.69992,3.71009,True
716,160000,10000,2,34.6484,34.329,False
717,160000,10000,0,34.2289,34.2946,True
718,160000,10000,1,3.68807,3.64053,False
719,160000,10000,2,34.4395,34.3875,False
720,160000,10000,0,34.548,34.725,True
721,160000,10000,1,3.68964,3.65435,False
722,160000,10000,2,34.2028,34.1835,False
723,160000,10000,0,33.8879,33.8956,True
724,160000,10000,1,3.53628,3.65459,True
725,160000,10000,2,33.8144,33.9046,True
726,160000,10000,0,34.1516,33.9756,False
727,160000,10000,1,3.62657,3.65169,True
728,160000,10000,2,34.2194,33.9212,False
729,160000,10000,0,33.9269,34.3569,True
730,160000,10000,1,3.66654,3.66958,True
731,160000,10000,2,33.9896,34.0438,True
732,160000,10000,0,34.1015,33.9783,False
733,160000,10000,1,3.59093,3.6344,True
734,160000,10000,2,33.8134,33.8727,True
735,160000,10000,0,34.3222,34.3125,False
736,160000,10000,1,3.65206,3.61718,False
737,160000,10000,2,34.012,34.0968,True
738,160000,10000,0,34.0198,33.9808,False
739,160000,10000,1,3.68176,3.6711,False
740,160000,10000,2,34.0208,34.0557,True
741,160000,10000,0,34.0045,34.0051,True
742,160000,10000,1,3.65954,3.59637,False
743,160000,10000,2,33.9751,34.1685,True
744,160000,10000,0,34.1573,34.3297,True
745,160000,10000,1,3.59406,3.68158,True
746,160000,10000,2,34.6654,33.9008,False
747,160000,10000,0,34.1902,34.4143,True
748,160000,10000,1,3.61359,3.60283,False
749,160000,10000,2,34.6333,34.1824,False
750,160000,10000,0,33.9901,34.3083,True
751,160000,10000,1,3.63714,3.61273,False
752,160000,10000,2,33.9657,33.884,False
753,160000,10000,0,34.1525,34.4588,True
754,160000,10000,1,3.74329,3.65663,False
755,160000,10000,2,34.209,34.004,False
756,160000,10000,0,34.2009,34.3994,True
757,160000,10000,1,3.68622,3.66569,False
758,160000,10000,2,34.2561,33.9596,False
759,160000,10000,0,34.2469,34.1532,False
760,160000,10000,1,3.67262,3.64429,False
761,160000,10000,2,33.9668,34.3738,True
762,160000,10000,0,33.8554,34.3574,True
763,160000,10000,1,3.6168,3.66214,True
764,160000,10000,2,34.0592,34.2751,True
765,160000,10000,0,34.5279,34.1541,False
766,160000,10000,1,3.65154,3.68304,True
767,160000,10000,2,34.1556,33.8402,False
768,160000,10000,0,33.9591,33.7692,False
769,160000,10000,1,3.68482,3.69224,True
770,160000,10000,2,34.938,34.3566,False
771,160000,10000,0,34.4542,34.4601,True
772,160000,10000,1,3.73402,3.73022,False
773,160000,10000,2,33.9158,34.1585,True
774,160000,10000,0,34.1022,34.5375,True
775,160000,10000,1,3.69307,3.64081,False
776,160000,10000,2,33.8861,34.5333,True
777,160000,10000,0,34.3346,34.7185,True
778,160000,10000,1,3.69833,3.68864,False
779,160000,10000,2,34.5638,34.0271,False
780,160000,10000,0,34.1886,34.1195,False
781,160000,10000,1,3.63071,3.65636,True
782,160000,10000,2,34.5328,34.1234,False
783,160000,10000,0,34.2025,33.8586,False
784,160000,10000,1,3.71398,3.66085,False
785,160000,10000,2,34.3119,34.3103,False
786,160000,10000,0,34.1739,34.1548,False
787,160000,10000,1,3.66543,3.7174,True
788,160000,10000,2,34.5156,34.5791,True
789,160000,10000,0,34.723,34.7227,False
790,160000,10000,1,3.76716,3.7485,False
791,160000,10000,2,34.8225,34.7934,False
792,160000,10000,0,34.3277,34.4471,True
793,160000,10000,1,3.70975,3.68684,False
794,160000,10000,2,34.59,34.6019,True
795,160000,10000,0,34.8863,34.3241,False
796,160000,10000,1,3.6852,3.6758,False
797,160000,10000,2,34.4733,34.5648,True
798,160000,10000,0,34.5191,34.494,False
799,160000,10000,1,3.7515,3.70119,False
800,160000,10000,2,34.5177,34.4931,False
801,160000,10000,0,34.3044,33.9205,False
802,160000,10000,1,3.73722,3.66521,False
803,160000,10000,2,34.3159,34.3873,True
804,160000,10000,0,34.2884,34.1508,False
805,160000,10000,1,3.70871,3.68092,False
806,160000,10000,2,34.4041,34.2989,False
807,160000,10000,0,34.6784,34.4624,False
808,160000,10000,1,3.64748,3.70332,True
809,160000,10000,2,34.4417,34.2314,False
810,160000,10000,0,34.3971,34.2827,False
811,160000,10000,1,3.71875,3.75572,True
812,160000,10000,2,34.457,34.2241,False
813,160000,10000,0,34.6672,34.5776,False
814,160000,10000,1,3.68083,3.69398,True
815,160000,10000,2,34.497,34.2382,False
816,160000,10000,0,34.5364,34.3457,False
817,160000,10000,1,3.7083,3.69705,False
818,160000,10000,2,34.2305,34.3036,True
819,160000,10000,0,34.3772,34.2017,False
820,160000,10000,1,3.69931,3.718,True
821,160000,10000,2,34.5588,34.2876,False
822,160000,10000,0,34.6596,34.2958,False
823,160000,10000,1,3.74111,3.76374,True
824,160000,10000,2,34.2823,34.2927,True
825,160000,10000,0,34.4681,34.3018,False
826,160000,10000,1,3.71725,3.70493,False
827,160000,10000,2,34.1349,34.4874,True
828,160000,10000,0,34.5885,34.1423,False
829,160000,10000,1,3.71233,3.66962,False
830,160000,10000,2,34.6226,34.4206,False
831,160000,10000,0,35.0571,34.5221,False
832,160000,10000,1,3.70192,3.64041,False
833,160000,10000,2,34.2519,34.7692,True
834,160000,10000,0,34.5143,34.3437,False
835,160000,10000,1,3.66205,3.68626,True
836,160000,10000,2,34.4582,34.3893,False
837,160000,10000,0,34.4834,34.1791,False
838,160000,10000,1,3.66301,3.67054,True
839,160000,10000,2,34.3553,34.2233,False
840,160000,10000,0,33.9299,34.1548,True
841,160000,10000,1,3.65829,3.68853,True
842,160000,10000,2,34.311,34.4971,True
843,160000,10000,0,34.5449,34.6069,True
844,160000,10000,1,3.71086,3.67429,False
845,160000,10000,2,34.2459,34.3652,True
846,160000,10000,0,34.547,34.2217,False
847,160000,10000,1,3.69123,3.69182,True
848,160000,10000,2,34.1953,34.6568,True
849,160000,10000,0,34.5615,34.0141,False
850,160000,10000,1,3.6831,3.71328,True
851,160000,10000,2,34.1041,34.145,True
852,160000,10000,0,34.7199,34.6244,False
853,160000,10000,1,3.72359,3.65544,False
854,160000,10000,2,34.7013,34.6729,False
855,160000,10000,0,34.7212,34.713,False
856,160000,10000,1,3.78377,3.65159,False
857,160000,10000,2,34.4287,34.558,True
858,160000,10000,0,34.9166,34.7764,False
859,160000,10000,1,3.707,3.74725,True
860,160000,10000,2,34.5459,34.7386,True
861,160000,10000,0,34.2501,34.3696,True
862,160000,10000,1,3.63551,3.6223,False
863,160000,10000,2,34.1401,34.0515,False
864,160000,10000,0,34.4599,34.3778,False
865,160000,10000,1,3.70691,3.73776,True
866,160000,10000,2,34.2735,34.6374,True
867,160000,10000,0,34.702,34.6891,False
868,160000,10000,1,3.70917,3.64264,False
869,160000,10000,2,34.5916,34.5998,True
870,160000,10000,0,34.8545,34.9025,True
871,160000,10000,1,3.65992,3.70749,True
872,160000,10000,2,34.7446,34.5547,False
873,160000,10000,0,34.5875,34.5093,False
874,160000,10000,1,3.67331,3.70002,True
875,160000,10000,2,34.7436,34.6189,False
876,160000,10000,0,34.683,34.7171,True
877,160000,10000,1,3.74523,3.82797,True
878,160000,10000,2,34.8484,34.9443,True
879,160000,10000,0,34.3569,34.2629,False
880,160000,10000,1,3.68555,3.68205,False
881,160000,10000,2,34.556,34.3987,False
882,160000,10000,0,34.8009,34.9385,True
883,160000,10000,1,3.70848,3.71865,True
884,160000,10000,2,34.568,34.5735,True
885,160000,10000,0,34.8943,34.6551,False
886,160000,10000,1,3.72309,3.7398,True
887,160000,10000,2,34.6118,34.746,True
888,160000,10000,0,34.4719,34.4634,False
889,160000,10000,1,3.70835,3.71977,True
890,160000,10000,2,34.4145,34.3404,False
891,160000,10000,0,34.7263,35.0532,True
892,160000,10000,1,3.71301,3.76736,True
893,160000,10000,2,34.6484,34.6827,True
894,160000,10000,0,34.5299,34.5803,True
895,160000,10000,1,3.74857,3.71252,False
896,160000,10000,2,34.3298,34.9333,True
897,160000,10000,0,34.8441,34.8314,False
898,160000,10000,1,3.73694,3.78127,True
899,160000,10000,2,34.7834,34.7174,False
900,160000,10000,0,34.731,34.5155,False
901,160000,10000,1,3.75886,3.70824,False
902,160000,10000,2,34.414,34.9272,True
903,160000,10000,0,34.545,34.5686,True
904,160000,10000,1,3.71243,3.71145,False
905,160000,10000,2,34.5961,34.8384,True
906,160000,10000,0,34.9682,35.2572,True
907,160000,10000,1,3.74201,3.72406,False
908,160000,10000,2,34.7057,34.9255,True
909,160000,10000,0,34.7929,34.6692,False
910,160000,10000,1,3.6556,3.70229,True
911,160000,10000,2,34.5142,34.4753,False
912,160000,10000,0,34.5081,34.7819,True
913,160000,10000,1,3.74499,3.73296,False
914,160000,10000,2,34.669,35.116,True
915,160000,10000,0,35.0169,35.0681,True
916,160000,10000,1,3.7709,3.68425,False
917,160000,10000,2,34.9089,35.4052,True
918,160000,10000,0,35.1175,34.6853,False
919,160000,10000,1,3.7515,3.77869,True
920,160000,10000,2,34.7765,34.7803,True
921,160000,10000,0,34.4879,34.7925,True
922,160000,10000,1,3.73484,3.73344,False
923,160000,10000,2,34.7225,34.8497,True
924,160000,10000,0,34.6387,34.6556,True
925,160000,10000,1,3.73326,3.73931,True
926,160000,10000,2,34.7417,34.8686,True
927,160000,10000,0,34.2674,34.342,True
928,160000,10000,1,3.70099,3.75009,True
929,160000,10000,2,34.5279,34.5063,False
930,160000,10000,0,34.4405,34.422,False
931,160000,10000,1,3.69013,3.64498,False
932,160000,10000,2,34.1301,34.4111,True
933,160000,10000,0,34.3283,34.1345,False
934,160000,10000,1,3.65237,3.65083,False
935,160000,10000,2,34.1923,34.2601,True
936,160000,10000,0,34.2274,34.3428,True
937,160000,10000,1,3.65188,3.6047,False
938,160000,10000,2,34.3257,34.3132,False
939,160000,10000,0,33.9134,34.4872,True
940,160000,10000,1,3.66118,3.67788,True
941,160000,10000,2,34.4715,34.2191,False
942,160000,10000,0,34.1266,33.9768,False
943,160000,10000,1,3.65623,3.58025,False
944,160000,10000,2,34.1541,34.2128,True
945,160000,10000,0,33.9178,34.042,True
946,160000,10000,1,3.63367,3.68549,True
947,160000,10000,2,34.6683,34.835,True
948,160000,10000,0,34.4851,34.4242,False
949,160000,10000,1,3.6948,3.65115,False
950,160000,10000,2,34.1795,34.263,True
951,160000,10000,0,33.8075,34.0157,True
952,160000,10000,1,3.66983,3.7241,True
953,160000,10000,2,34.4456,34.3304,False
954,160000,10000,0,34.1915,34.1469,False
955,160000,10000,1,3.66734,3.60711,False
956,160000,10000,2,34.0199,34.297,True
957,160000,10000,0,34.2116,34.2709,True
958,160000,10000,1,3.62518,3.65454,True
959,160000,10000,2,34.302,34.2605,False
960,160000,10000,0,34.3957,34.3006,False
961,160000,10000,1,3.63686,3.64828,True
962,160000,10000,2,33.8853,34.0535,True
963,160000,10000,0,34.1196,34.0921,False
964,160000,10000,1,3.64255,3.68868,True
965,160000,10000,2,34.1572,34.1707,True
966,160000,10000,0,34.25,34.4468,True
967,160000,10000,1,3.60817,3.6152,True
968,160000,10000,2,33.9118,33.4034,False
969,160000,10000,0,33.9621,33.8071,False
970,160000,10000,1,3.62668,3.60976,False
971,160000,10000,2,33.9037,33.6889,False
972,160000,10000,0,33.631,33.6948,True
973,160000,10000,1,3.65527,3.58838,False
974,160000,10000,2,33.4551,33.6899,True
975,160000,10000,0,34.2605,33.7335,False
976,160000,10000,1,3.58922,3.69359,True
977,160000,10000,2,33.5691,33.5364,False
978,160000,10000,0,33.743,33.7044,False
979,160000,10000,1,3.61152,3.60825,False
980,160000,10000,2,33.6758,33.8061,True
981,160000,10000,0,34.0401,33.654,False
982,160000,10000,1,3.62499,3.60097,False
983,160000,10000,2,33.9478,33.831,False
984,160000,10000,0,33.3576,33.5951,True
985,160000,10000,1,3.45133,3.51343,True
986,160000,10000,2,33.387,33.7092,True
987,160000,10000,0,33.4999,33.351,False
988,160000,10000,1,3.60603,3.58761,False
989,160000,10000,2,33.7106,33.4338,False
990,160000,10000,0,33.5129,33.4471,False
991,160000,10000,1,3.54898,3.57018,True
992,160000,10000,2,33.4197,33.8908,True
993,160000,10000,0,33.6531,33.548,False
994,160000,10000,1,3.54003,3.59076,True
995,160000,10000,2,33.5308,33.9523,True
996,160000,10000,0,33.3,33.4978,True
997,160000,10000,1,3.62119,3.59787,False
998,160000,10000,2,34.0549,33.9397,False
999,160000,10000,0,34.0831,34.1223,True
1000,160000,10000,1,3.61607,3.6576,True
1001,160000,10000,2,33.6602,33.6768,True
1002,160000,10000,0,33.4937,33.7754,True
1003,160000,10000,1,3.58063,3.5454,False
1004,160000,10000,2,33.6516,33.5309,False
1005,160000,10000,0,33.4635,34.1664,True
1006,160000,10000,1,3.55732,3.54284,False
1007,160000,10000,2,33.3672,33.7131,True
1008,160000,10000,0,34.3883,33.4324,False
1009,160000,10000,1,3.63504,3.59893,False
1010,160000,10000,2,33.6159,33.5249,False
1011,160000,10000,0,33.6524,33.8492,True
1012,160000,10000,1,3.6011,3.59096,False
1013,160000,10000,2,34.0427,34.0503,True
1014,160000,10000,0,34.069,34.2328,True
1015,160000,10000,1,3.68058,3.66535,False
1016,160000,10000,2,34.1418,34.5221,True
1017,160000,10000,0,34.6832,35.4112,True
1018,160000,10000,1,3.76429,3.6896,False
1019,160000,10000,2,34.8453,35.5111,True
1020,160000,10000,0,34.891,34.8651,False
1021,160000,10000,1,3.72618,3.66388,False
1022,160000,10000,2,34.8287,34.307,False
1023,160000,10000,0,34.7998,34.8757,True
1024,160000,10000,1,3.80608,3.67752,False
1025,160000,10000,2,34.5562,34.1286,False
1026,160000,10000,0,34.4372,34.3489,False
1027,160000,10000,1,3.80315,3.71844,False
1028,160000,10000,2,35.1106,34.7993,False
1029,160000,10000,0,34.652,34.5623,False
1030,160000,10000,1,3.70747,3.71397,True
1031,160000,10000,2,34.5991,34.5984,False
1032,160000,10000,0,34.5597,34.3214,False
1033,160000,10000,1,3.67986,3.71358,True
1034,160000,10000,2,34.7409,34.5608,False
1035,160000,10000,0,34.7158,35.506,True
1036,160000,10000,1,3.73021,3.71784,False
1037,160000,10000,2,34.5359,34.6192,True
1038,160000,10000,0,34.6249,34.7079,True
1039,160000,10000,1,3.75771,3.74085,False
1040,160000,10000,2,34.6688,34.3396,False
1041,160000,10000,0,34.0136,33.8335,False
1042,160000,10000,1,3.64824,3.6833,True
1043,160000,10000,2,34.4676,34.6494,True
1044,160000,10000,0,34.5363,34.5039,False
1045,160000,10000,1,3.69276,3.70177,True
1046,160000,10000,2,34.4877,34.5476,True
1047,160000,10000,0,34.5826,34.5256,False
1048,160000,10000,1,3.68785,3.68409,False
1049,160000,10000,2,34.3555,34.4212,True
1050,160000,10000,0,34.5765,34.5005,False
1051,160000,10000,1,3.65058,3.67502,True
1052,160000,10000,2,34.2192,34.1397,False
1053,160000,10000,0,33.8764,33.3971,False
1054,160000,10000,1,3.61535,3.73902,True
1055,160000,10000,2,34.0314,34.4171,True
1056,160000,10000,0,34.5188,34.7909,True
1057,160000,10000,1,3.71472,3.8026,True
1058,160000,10000,2,34.4685,34.64,True
1059,160000,10000,0,34.2311,34.3509,True
1060,160000,10000,1,3.64883,3.70934,True
1061,160000,10000,2,34.4232,34.4522,True
1062,160000,10000,0,34.2047,34.3325,True
1063,160000,10000,1,3.68819,3.64297,False
1064,160000,10000,2,34.4173,34.3456,False
1065,160000,10000,0,34.2782,34.4928,True
1066,160000,10000,1,3.68403,3.60997,False
1067,160000,10000,2,33.9271,34.0801,True
1068,160000,10000,0,33.6159,34.0197,True
1069,160000,10000,1,3.63204,3.68291,True
1070,160000,10000,2,33.9762,34.0187,True
1071,160000,10000,0,35.2031,34.5555,False
1072,160000,10000,1,3.68994,3.63335,False
1073,160000,10000,2,34.2352,34.656,True
1074,160000,10000,0,34.8308,34.5542,False
1075,160000,10000,1,3.71504,3.68947,False
1076,160000,10000,2,34.5563,34.4977,False
1077,160000,10000,0,34.4065,34.4226,True
1078,160000,10000,1,3.75789,3.77591,True
1079,160000,10000,2,34.7851,34.7936,True
1080,160000,10000,0,34.5111,34.4424,False
1081,160000,10000,1,3.77276,3.71587,False
1082,160000,10000,2,34.6193,34.4296,False
1083,160000,10000,0,34.5599,34.5118,False
1084,160000,10000,1,3.72166,3.68589,False
1085,160000,10000,2,34.4621,34.3561,False
1086,160000,10000,0,34.5096,34.5123,True
1087,160000,10000,1,3.76205,3.77545,True
1088,160000,10000,2,34.6106,34.641,True
1089,160000,10000,0,34.3453,34.443,True
1090,160000,10000,1,3.73786,3.73758,False
1091,160000,10000,2,34.6229,34.2705,False
1092,190000,10000,0,28.285,28.0844,False
1093,190000,10000,1,3.73801,3.74084,True
1094,190000,10000,2,28.2487,28.1993,False
1095,190000,10000,0,28.3042,28.3073,True
1096,190000,10000,1,3.72952,3.71489,False
1097,190000,10000,2,28.2227,28.02,False
1098,190000,10000,0,28.1893,28.3295,True
1099,190000,10000,1,3.65651,3.76432,True
1100,190000,10000,2,28.437,28.0622,False
1101,190000,10000,0,28.1278,27.8776,False
1102,190000,10000,1,3.64369,3.6437,True
1103,190000,10000,2,27.9069,27.9284,True
1104,190000,10000,0,27.7802,27.6807,False
1105,190000,10000,1,3.66845,3.69372,True
1106,190000,10000,2,27.5898,27.9804,True
1107,190000,10000,0,27.9465,26.9995,False
1108,190000,10000,1,3.51821,3.53657,True
1109,190000,10000,2,26.8571,27.394,True
1110,190000,10000,0,27.0346,27.1566,True
1111,190000,10000,1,3.55921,3.57751,True
1112,190000,10000,2,27.7669,27.3743,False
1113,190000,10000,0,27.3747,27.5714,True
1114,190000,10000,1,3.63552,3.71474,True
1115,190000,10000,2,27.3084,27.185,False
1116,190000,10000,0,27.5906,27.6263,True
1117,190000,10000,1,3.68242,3.64876,False
1118,190000,10000,2,27.6393,27.6333,False
1119,190000,10000,0,27.2028,27.1297,False
1120,190000,10000,1,3.55058,3.62099,True
1121,190000,10000,2,27.089,27.3685,True
1122,190000,10000,0,27.6334,27.7333,True
1123,190000,10000,1,3.58446,3.64307,True
1124,190000,10000,2,27.5752,27.7158,True
1125,190000,10000,0,27.3678,27.4051,True
1126,190000,10000,1,3.63769,3.63784,True
1127,190000,10000,2,27.0095,27.2284,True
1128,190000,10000,0,27.4032,27.3062,False
1129,190000,10000,1,3.57879,3.67722,True
1130,190000,10000,2,27.5718,27.6481,True
1131,190000,10000,0,27.7005,27.7114,True
1132,190000,10000,1,3.75047,3.70603,False
1133,190000,10000,2,27.5018,27.509,True
1134,190000,10000,0,27.4101,27.6507,True
1135,190000,10000,1,3.65369,3.64183,False
1136,190000,10000,2,27.1642,27.7437,True
1137,190000,10000,0,29.6532,29.1935,False
1138,190000,10000,1,4.02151,3.89111,False
1139,190000,10000,2,29.3037,28.6077,False
1140,190000,10000,0,29.7228,29.3125,False
1141,190000,10000,1,3.90286,3.96968,True
1142,190000,10000,2,29.738,28.8144,False
1143,190000,10000,0,29.6653,27.8959,False
1144,190000,10000,1,3.61112,3.56303,False
1145,190000,10000,2,27.13,26.8989,False
1146,190000,10000,0,27.3346,27.4151,True
1147,190000,10000,1,3.46516,3.51716,True
1148,190000,10000,2,26.9977,27.3572,True
1149,190000,10000,0,27.548,27.4253,False
1150,190000,10000,1,3.63734,3.64983,True
1151,190000,10000,2,27.0692,27.4334,True
1152,190000,10000,0,27.0899,26.9258,False
1153,190000,10000,1,3.52545,3.53902,True
1154,190000,10000,2,26.97,26.9177,False
1155,190000,10000,0,26.5614,26.9643,True
1156,190000,10000,1,3.47733,3.51161,True
1157,190000,10000,2,27.188,26.9767,False
1158,190000,10000,0,27.7225,27.5194,False
1159,190000,10000,1,3.67966,3.69619,True
1160,190000,10000,2,27.3863,27.627,True
1161,190000,10000,0,27.5147,27.5667,True
1162,190000,10000,1,3.69862,3.66297,False
1163,190000,10000,2,27.4488,27.7331,True
1164,190000,10000,0,27.6218,27.8796,True
1165,190000,10000,1,3.68197,3.6842,True
1166,190000,10000,2,27.4923,27.5315,True
1167,190000,10000,0,27.7266,27.8388,True
1168,190000,10000,1,3.67323,3.69198,True
1169,190000,10000,2,27.7195,27.2759,False
1170,190000,10000,0,27.9132,27.7461,False
1171,190000,10000,1,3.63292,3.70494,True
1172,190000,10000,2,27.6767,28.0875,True
1173,190000,10000,0,27.4361,27.2097,False
1174,190000,10000,1,3.65264,3.61842,False
1175,190000,10000,2,27.1294,27.4432,True
1176,190000,10000,0,27.4163,27.7628,True
1177,190000,10000,1,3.63794,3.61909,False
1178,190000,10000,2,27.3506,27.5245,True
1179,190000,10000,0,27.4775,27.4819,True
1180,190000,10000,1,3.66031,3.59989,False
1181,190000,10000,2,27.5447,27.3087,False
1182,190000,10000,0,27.3293,27.3832,True
1183,190000,10000,1,3.62817,3.6632,True
1184,190000,10000,2,27.7969,27.272,False
1185,190000,10000,0,27.6858,27.3928,False
1186,190000,10000,1,3.64134,3.61931,False
1187,190000,10000,2,27.4547,27.1668,False
1188,190000,10000,0,27.0828,26.8436,False
1189,190000,10000,1,3.61198,3.53342,False
1190,190000,10000,2,27.6401,27.1722,False
1191,190000,10000,0,27.0651,27.481,True
1192,190000,10000,1,3.51083,3.58113,True
1193,190000,10000,2,26.9278,27.0897,True
1194,190000,10000,0,26.7296,27.5837,True
1195,190000,10000,1,3.62445,3.67176,True
1196,190000,10000,2,27.2362,27.0656,False
1197,190000,10000,0,26.8601,26.6123,False
1198,190000,10000,1,3.46221,3.41868,False
1199,190000,10000,2,26.2783,26.2163,False
